Major,Males,Females
Agriculture and natural resources ,17249,17867
"  Agriculture, agriculture operations, and related sciences ",8437,9599
"    Agriculture, general ",975,879
"    Agricultural business and management, general ",762,409
    Agribusiness/agricultural business operations ,999,534
    Agricultural economics ,1113,442
    Farm/farm and ranch management ,89,41
    Agricultural/farm supplies retailing and wholesaling ,31,40
    Agricultural business technology ,10,7
"    Agricultural business and management, other ",12,19
"    Agricultural mechanization, general ",313,26
    Agricultural mechanics and equipment/machine technology ,5,0
"    Agricultural production operations, general ",62,46
    Animal/livestock husbandry and production ,70,135
    Aquaculture ,38,15
    Crop production ,37,8
    Dairy husbandry and production ,1,5
    Horse husbandry/equine science and management ,5,118
    Agroecology and sustainable agriculture ,58,39
    Viticulture and enology ,52,46
    Agricultural and food products processing ,48,44
    Equestrian/equine studies ,11,323
"    Agricultural and domestic animal services, other ",0,0
"    Applied horticulture/horticultural operations, general ",104,70
    Ornamental horticulture ,35,14
    Landscaping and groundskeeping ,101,41
    Plant nursery operations and management ,1,0
    Turf and turfgrass management ,105,3
    Floriculture/floristry operations and management ,2,1
"    Applied horticulture/horticultural business services, other ",16,3
    International agriculture ,15,20
    Agricultural and extension education services ,21,37
    Agricultural communication/journalism ,81,251
"    Agricultural public services, other ",44,45
"    Animal sciences, general ",1034,4074
    Agricultural animal breeding ,0,0
    Animal health ,2,0
    Animal nutrition ,0,0
    Dairy science ,63,79
    Livestock management ,7,8
    Poultry science ,39,40
"    Animal sciences, other ",10,62
    Food science ,471,943
    Food technology and processing ,4,2
"    Food science and technology, other ",0,2
"    Plant sciences, general ",290,142
    Agronomy and crop science ,449,121
    Horticultural science ,363,237
    Agricultural and horticultural plant breeding ,1,1
    Plant protection and integrated pest management ,28,14
    Range science and management ,93,56
"    Plant sciences, other ",25,12
"    Soil science and agronomy, general ",144,67
    Soil chemistry and physics ,19,3
"    Soil sciences, other ",16,12
"    Agriculture, agriculture operations, and related sciences, other ",163,63
, , 
  Natural resources and conservation ,8812,8268
"    Natural resources/conservation, general ",739,646
    Environmental studies ,2679,3246
    Environmental science ,2697,2845
"    Natural resources conservation and research, other ",12,13
    Natural resources management and policy ,390,226
    Natural resource economics ,35,25
"    Water, wetlands, and marine resources management ",60,30
    Land use planning and management/development ,41,15
    Natural resource recreation and tourism ,46,21
    Natural resources law enforcement and protective services ,29,4
"    Natural resources management and policy, other ",96,93
    Fishing and fisheries sciences and management ,206,141
"    Forestry, general ",466,134
    Forest sciences and biology ,175,43
    Forest management/forest resources management ,147,30
    Urban forestry ,3,6
    Wood science and wood products/pulp and paper technology ,40,6
    Forest resources production and management ,5,0
    Forest technology/technician ,5,0
"    Forestry, other ",34,9
"    Wildlife, fish, and wildlands science and management ",757,617
"    Natural resources and conservation, other ",150,118
,,
Architecture and related services ,5173,3971
  Architecture ,3444,2508
"  City/urban, community and regional planning ",502,325
  Environmental design/architecture ,339,256
  Interior architecture ,50,366
  Landscape architecture ,540,331
"  Architectural history and criticism, general ",30,41
  Architectural technology/technician ,145,69
  Architectural and building sciences/technology ,50,12
  Real estate development ,0,0
"  Architecture and related services, other ",73,63
,,
"Area, ethnic, cultural, gender, and group studies ",2466,5809
  African studies ,26,61
  American/United States studies/civilization ,501,802
  Asian studies/civilization ,317,438
  East Asian studies ,180,248
"  Russian, Central European, East European and Eurasian studies ",9,11
  European studies/civilization ,26,74
  Latin American studies ,140,244
  Near and Middle Eastern studies ,65,131
  Pacific Area/Pacific Rim studies ,10,8
  Russian studies ,39,42
  Scandinavian studies ,4,9
  South Asian studies ,8,18
  Southeast Asian studies ,1,1
  Western European studies ,1,4
  Canadian studies ,1,1
  Slavic studies ,0,4
  Ural-Altaic and Central Asian studies ,0,0
"  Regional studies (US, Canadian, foreign) ",5,27
  Chinese studies ,19,28
  French studies ,10,44
  German studies ,30,51
  Italian studies ,12,22
  Japanese studies ,22,29
  Korean studies ,0,0
  Spanish and Iberian studies ,8,20
  Irish studies ,0,0
  Latin American and Caribbean studies ,14,32
"  Area studies, other ",244,540
  Ethnic studies ,39,101
  African-American/Black studies ,205,434
  American Indian/Native American studies ,79,149
"  Hispanic-American, Puerto Rican, and Mexican-American/Chicano studies ",125,331
  Asian-American studies ,49,71
  Women's studies ,94,1263
  Gay/lesbian studies ,0,19
  Folklore studies ,6,11
  Disability studies ,1,4
"  Ethnic, cultural minority, gender, and group studies, other ",176,537
,,
Biological and biomedical sciences ,43427,61206
"  Biology/biological sciences, general ",27668,41734
"  Biomedical sciences, general ",1145,1777
  Biochemistry ,3785,3527
  Biophysics ,101,41
  Molecular biology ,343,374
  Molecular biochemistry ,239,200
  Molecular biophysics ,0,0
  Structural biology ,0,0
  Radiation biology/radiobiology ,1,10
  Biochemistry and molecular biology ,449,351
"  Biochemistry, biophysics and molecular biology, other ",99,99
  Botany/plant biology ,113,99
  Plant pathology/phytopathology ,4,9
  Plant physiology ,0,0
  Plant molecular biology ,0,0
"  Botany/plant biology, other ",7,10
  Cell/cellular biology and histology ,205,210
  Anatomy ,145,220
  Developmental biology and embryology ,19,23
  Cell/cellular and molecular biology ,1088,1242
  Cell biology and anatomy ,1,4
"  Cell/cellular biology and anatomical sciences, other ",56,71
"  Microbiology, general ",850,902
  Medical microbiology and bacteriology ,284,319
  Virology ,0,0
  Parasitology ,0,0
  Immunology ,0,0
  Microbiology and immunology ,34,58
"  Microbiological sciences and immunology, other ",46,79
  Zoology/animal biology ,527,1106
  Entomology ,54,64
  Animal physiology ,33,39
  Animal behavior and ethology ,10,39
  Wildlife biology ,178,183
"  Zoology/animal biology, other ",12,24
"  Genetics, general ",89,158
  Molecular genetics ,62,100
  Animal genetics ,5,17
  Plant genetics ,4,1
  Human/medical genetics ,0,0
  Genome sciences/genomics ,0,0
"  Genetics, other ",0,0
"  Physiology, general ",645,860
  Molecular physiology ,0,0
  Cell physiology ,0,0
  Endocrinology ,0,0
  Reproductive biology ,0,0
  Cardiovascular science ,0,0
  Exercise physiology ,1113,1139
  Vision science/physiological optics ,13,8
  Pathology/experimental pathology ,9,18
  Oncology and cancer biology ,0,0
"  Physiology, pathology, and related sciences, other ",0,0
  Pharmacology ,34,21
  Molecular pharmacology ,0,0
  Neuropharmacology ,0,0
  Toxicology ,30,92
  Molecular toxicology ,0,0
  Environmental toxicology ,13,17
  Pharmacology and toxicology ,28,34
  Biometry/biometrics ,7,13
  Biostatistics ,10,15
  Bioinformatics ,88,53
  Computational biology ,23,18
"  Biomathematics, bioinformatics, and computational biology, other ",16,15
  Biotechnology ,319,337
  Ecology ,331,428
  Marine biology and biological oceanography ,421,779
  Evolutionary biology ,51,74
  Aquatic biology/limnology ,41,38
  Environmental biology ,119,166
  Population biology ,0,0
  Conservation biology ,45,96
  Systematic biology/biological systematics ,0,0
  Epidemiology ,6,18
  Ecology and evolutionary biology ,157,203
"  Ecology, evolution, systematics and population biology, other ",50,86
  Molecular medicine ,0,0
  Neuroscience ,1529,2477
  Neuroanatomy ,0,0
  Neurobiology and anatomy ,272,334
  Neurobiology and behavior ,29,53
"  Neurobiology and neurosciences, other ",1,3
"  Biological and biomedical sciences, other ",371,721
,,
"Business, management, marketing, and personal and culinary services ",188418,169661
"  Business, management, marketing, and related support services ",187818,168929
"    Business/commerce, general ",12502,10746
"    Business administration and management, general ",70929,63314
"    Purchasing, procurement/acquisitions and contracts management ",360,267
"    Logistics, materials, and supply chain management ",2313,1001
    Office management and supervision ,102,159
    Operations management and supervision ,1948,1082
    Nonprofit/public/organizational management ,173,313
    Customer service management ,28,65
    E-commerce/electronic commerce ,105,76
    Transportation/mobility management ,236,59
    Research and development management ,7,1
    Project management ,819,245
    Retail management ,31,200
    Organizational leadership ,1060,1245
"    Business administration, management and operations, other ",4962,5367
    Accounting ,24046,25375
    Accounting technology/technician and bookkeeping ,54,45
    Auditing ,10,24
    Accounting and finance ,306,221
    Accounting and business/management ,627,1561
"    Accounting and related services, other ",116,87
"    Administrative assistant and secretarial science, general ",23,33
    Business/office automation/technology/data entry ,24,31
    General office occupations and clerical services ,3,10
"    Parts, warehousing, and inventory management operations ",0,0
"    Business operations support and secretarial services, other ",0,0
    Business/corporate communications ,250,405
    Business/managerial economics ,3330,1528
    Entrepreneurship/entrepreneurial studies ,1516,718
    Small business administration/management ,38,23
"    Entrepreneurial and small business operations, other ",23,18
"    Finance, general ",21875,9490
    Banking and financial support services ,302,197
    Financial planning and services ,176,75
    International finance ,3,3
    Investments and securities ,64,17
    Public finance ,19,5
"    Finance and financial management services, other ",111,43
"    Hospitality administration/management, general ",2437,5493
    Tourism and travel services management ,144,420
    Hotel/motel administration/management ,656,1211
    Restaurant/food services management ,361,438
    Resort management ,92,122
    Meeting and event planning ,38,391
    Casino management ,3,3
"    Hotel, motel, and restaurant management ",54,100
"    Hospitality administration/management, other ",186,290
"    Human resources management/personnel administration, general ",1993,5127
    Labor and industrial relations ,380,386
    Organizational behavior studies ,1255,1623
    Labor studies ,15,28
    Human resources development ,149,390
"    Human resources management and services, other ",53,169
    International business/trade/commerce ,2651,2683
"    Management information systems, general ",5581,1896
    Information resources management ,172,52
    Knowledge management ,8,4
"    Management information systems and services, other ",128,60
"    Management science, general ",1683,1079
    Business statistics ,55,29
    Actuarial science ,650,449
"    Management sciences and quantitative methods, other ",183,106
"    Marketing/marketing management, general ",14238,15531
    Marketing research ,26,34
    International marketing ,33,123
"    Marketing, other ",451,481
    Real estate ,391,145
    Taxation ,0,0
    Insurance ,514,259
"    Sales, distribution, and marketing operations, general ",682,549
    Merchandising and buying operations ,0,13
    Retailing and retail operations ,55,192
    Selling skills and sales operations ,225,114
"    General merchandising/sales/related marketing operations, other ",52,55
    Fashion merchandising ,128,2383
    Apparel and accessories marketing operations ,72,683
    Tourism and travel services marketing operations ,19,16
    Tourism promotion operations ,7,60
    Vehicle and vehicle parts and accessories marketing operations ,61,5
    Special products marketing operations ,81,123
    Hospitality and recreation marketing operations ,67,14
"    Specialized merchandising/sales/related marketing operations, other ",32,51
    Construction management ,1695,167
    Telecommunications management ,1,0
"    Business/management/marketing/related support services, other ",1570,1333
, , 
  Personal and culinary services ,600,732
"    Funeral service and mortuary science, general ",35,78
    Funeral direction/service ,7,17
"    Cosmetology/cosmetologist, general ",0,0
"    Cooking and related culinary arts, general ",0,0
    Baking and pastry arts/baker/pastry chef ,10,66
    Culinary arts/chef training ,154,178
"    Restaurant, culinary, and catering management/manager ",364,352
"    Food service, waiter/waitress, and dining room management ",0,0
    Culinary science/culinology ,15,11
"    Culinary arts and related services, other ",15,28
"    Personal and culinary services, other ",0,2
,,
Communication and communications technologies ,34370,58221
"  Communication, journalism, and related programs ",30955,56649
"    Communication, general ",2582,5455
    Speech communication and rhetoric ,11163,20649
    Mass communication/media studies ,3438,6084
"    Communication and media studies, other ",600,1206
    Journalism ,3947,8062
    Broadcast journalism ,443,571
    Photojournalism ,48,99
"    Journalism, other ",257,539
    Radio and television ,2779,2382
    Digital communication and media/multimedia ,1133,1021
"    Radio, television, and digital communication, other ",475,371
"    Public relations, advertising, and applied communication ",328,885
"    Organizational communication, general ",380,787
    Public relations/image management ,974,3660
    Advertising ,1486,3139
    Political communication ,21,53
    Health communication ,6,47
    Sports communication ,71,29
    International and intercultural communication ,12,19
    Technical and scientific communication ,10,32
"    Public relations, advertising and applied communication, other ",266,763
    Publishing ,1,3
"    Communication, journalism, and related programs, other ",535,793
, , 
  Communications technologies/technicians and support services ,3415,1572
    Communications technology/technician ,62,29
    Photographic and film/video technology/technician and assistant ,56,21
    Radio and television broadcasting technology/technician ,298,174
    Recording arts technology/technician ,1101,147
"    Audiovisual communications technologies/technicians, other ",123,30
"    Graphic communications, general ",101,192
    Printing management ,41,47
    Prepress/desktop publishing and digital imaging design ,24,41
    Animation/interactive technology/video graphics/special effects ,1483,745
"    Graphic and printing equipment operator, general production ",17,18
    Printing press operator ,6,6
"    Graphic communications, other ",13,29
"    Communications technologies/technicians and support services, other ",90,93
,,
Computer and information sciences and support services ,45393,9974
"  Computer and information sciences, general ",10546,1977
  Artificial intelligence ,0,0
  Information technology ,5484,1349
  Informatics ,505,144
"  Computer and information sciences, other ",265,64
"  Computer programming/programmer, general ",1047,182
"  Computer programming, specific applications ",228,14
"  Computer programming, other ",0,0
  Data processing and data processing technology/technician ,69,6
  Information science/studies ,4730,1367
  Computer systems analysis/analyst ,1204,338
  Computer science ,11306,1914
"  Web page, digital/multimedia and information resources design ",1025,642
  Data modeling/warehousing and database administration ,123,63
  Computer graphics ,1056,570
"  Modeling, virtual environments and simulation ",192,25
"  Computer software and media applications, other ",228,22
  Computer systems networking and telecommunications ,1602,177
  Network and system administration/administrator ,595,73
"  System, networking, and LAN/WAN management/manager ",205,39
  Computer and information systems security/information assurance ,3832,600
  Web/multimedia management and webmaster ,257,160
  Information technology project management ,306,65
  Computer support specialist ,28,6
"  Computer/information tech services admin and management, other ",313,107
"  Computer and information sciences and support services, other ",247,70
,,
Education ,20353,78501
"  Education, general ",645,3116
  Bilingual and multilingual education ,19,208
  Multicultural education ,0,0
  Indian/Native American education ,1,3
"  Bilingual, multilingual, and multicultural education, other ",0,0
  Curriculum and instruction ,45,170
"  Educational leadership and administration, general ",2,0
  Administration of special education ,0,0
  Adult and continuing education administration ,4,3
"  Educational, instructional, and curriculum supervision ",9,34
  Higher education/higher education administration ,4,3
  Community college education ,0,0
  Elementary and middle school administration/principalship ,5,64
  Secondary school administration/principalship ,0,0
  Urban education and leadership ,44,69
  Superintendency and educational system administration ,0,0
"  Educational administration and supervision, other ",0,1
  Educational/instructional technology ,32,21
  Educational evaluation and research ,0,0
  Educational statistics and research methods ,0,0
"  Educational assessment, testing, and measurement ",0,0
  Learning sciences ,6,44
"  Educational assessment, evaluation, and research, other ",3,11
  International and comparative education ,6,29
  Social and philosophical foundations of education ,6,24
"  Special education and teaching, general ",884,6813
  Education/teaching of individuals with hearing impairments/deafness ,7,95
  Education/teaching of the gifted and talented ,0,0
  Education/teaching of individuals with emotional disturbances ,17,64
  Education/teaching of individuals with mental retardation ,15,126
  Education/teaching of individuals with multiple disabilities ,10,121
  Educ/teach of individuals with orthopedic/physical health impair ,0,0
  Education/teaching of individuals with vision impairments/blindness ,5,22
  Educ/teach of individuals with specific learning disabilities ,21,172
  Education/teaching of individuals with speech/language impairments ,9,183
  Education/teaching of individuals with autism ,0,0
  Education/teaching of individuals who are developmentally delayed ,0,15
  Educ/teach of individuals in early childhood spec educ programs ,16,428
  Education/teaching of individuals in elementary special educ programs ,15,204
  Educ/teach of individuals in jr high/middle school special educ prog ,5,11
  Education/teaching of individuals in secondary special educ prog ,14,31
"  Special education and teaching, other ",44,291
  Counselor education/school counseling and guidance services ,0,6
  College student counseling and personnel services ,0,0
"  Student counseling and personnel services, other ",0,2
  Adult and continuing education and teaching ,7,25
  Elementary education and teaching ,2915,28857
  Junior high/intermediate/middle school education and teaching ,852,2313
  Secondary education and teaching ,1594,2255
"  Teacher education, multiple levels ",297,1329
  Montessori teacher education ,0,6
  Waldorf/Steiner teacher education ,0,0
  Kindergarten/preschool education and teaching ,67,1317
  Early childhood education and teaching ,542,13313
"  Teacher educ and prof dev, specific levels and methods, other ",26,140
  Agricultural teacher education ,229,348
  Art teacher education ,181,997
  Business teacher education ,89,141
  Driver and safety teacher education ,0,0
  English/language arts teacher education ,503,1942
  Foreign language teacher education ,15,93
  Health teacher education ,460,1149
  Family and consumer sciences/home economics teacher education ,10,247
  Technology teacher education/industrial arts teacher education ,281,49
  Sales and marketing operations/marketing and dist teacher educ ,4,7
  Mathematics teacher education ,703,1353
  Music teacher education ,1577,2258
  Physical education teaching and coaching ,4806,3369
  Reading teacher education ,12,73
  Science teacher education/general science teacher education ,264,353
  Social science teacher education ,289,211
  Social studies teacher education ,940,678
  Technical teacher education ,121,98
  Trade and industrial teacher education ,407,279
  Computer teacher education ,10,49
  Biology teacher education ,139,291
  Chemistry teacher education ,30,55
  Drama and dance teacher education ,12,119
  French language teacher education ,6,37
  German language teacher education ,5,7
  Health occupations teacher education ,0,10
  History teacher education ,347,251
  Physics teacher education ,38,22
  Spanish language teacher education ,75,323
  Speech teacher education ,5,15
  Geography teacher education ,0,2
  Latin teacher education ,0,4
  School librarian/library media specialist ,1,0
  Psychology teacher education ,3,9
  Earth science teacher education ,18,37
  Environmental education ,2,1
"  Teacher educ and prof dev, specific subject areas, other ",111,189
  Teaching English as a second/foreign language/ESL language instructor ,59,266
  Teaching French as a second or foreign language ,0,0
"  Teaching English or French as a second or foreign lang, other ",13,22
  Teacher assistant/aide ,1,0
  Adult literacy tutor/instructor ,0,0
"  Education, other ",394,1208
, , 
Engineering and engineering technologies ,88938,20031
  Engineering ,73903,18259
"    Engineering, general ",1671,500
    Pre-engineering ,10,7
"    Aerospace, aeronautical and astronautical engineering ",3077,488
    Agricultural engineering ,639,332
    Architectural engineering ,493,182
    Bioengineering and biomedical engineering ,3255,2175
    Ceramic sciences and engineering ,64,17
    Chemical engineering ,5320,2649
    Chemical and biomolecular engineering ,73,61
"    Chemical engineering, other ",0,0
"    Civil engineering, general ",9976,2818
    Geotechnical  and geoenvironmental engineering ,0,0
    Structural engineering ,142,31
    Transportation and highway engineering ,0,0
    Water resources engineering ,2,7
"    Civil engineering, other ",7,10
"    Computer engineering, general ",4540,521
    Computer hardware engineering ,0,0
    Computer software engineering ,612,48
"    Computer engineering, other ",1,0
    Electrical and electronics engineering ,12052,1705
    Laser and optical engineering ,12,3
    Telecommunications engineering ,3,0
"    Electrical, electronics and communications engineering, other ",68,9
    Engineering mechanics ,75,19
    Engineering physics/applied physics ,427,72
    Engineering science ,362,112
    Environmental/environmental health engineering ,720,541
    Materials engineering ,868,317
    Mechanical engineering ,21265,3036
    Metallurgical engineering ,72,32
    Mining and mineral engineering ,241,36
    Naval architecture and marine engineering ,393,47
    Nuclear engineering ,482,90
    Ocean engineering ,146,29
    Petroleum engineering ,1206,200
    Systems engineering ,619,189
    Textile sciences and engineering ,71,181
    Polymer/plastics engineering ,81,17
    Construction engineering ,349,38
    Forest engineering ,22,2
    Industrial engineering ,2892,1209
    Manufacturing engineering ,303,36
    Operations research ,281,155
    Surveying engineering ,27,1
    Geological/geophysical engineering ,138,59
    Paper science and engineering ,5,4
    Electromechanical engineering ,53,6
"    Mechatronics, robotics, and automation engineering ",29,3
    Biochemical engineering ,33,27
    Engineering chemistry ,2,1
    Biological/biosystems engineering ,134,76
"    Engineering, other ",590,161
,,
  Engineering technologies/construction trades/mechanics and repairers ,15035,1772
    Engineering technologies and engineering-related fields ,14495,1726
"      Engineering technology, general ",1156,153
      Architectural engineering technology/technician ,332,54
      Civil engineering technology/technician ,460,72
      Electrical/electronic/communications eng technology/technician ,1615,121
      Laser and optical technology/technician ,0,0
      Telecommunications technology/technician ,58,15
"      Electrical/electronic eng technologies/technicians, other ",731,62
      Biomedical technology/technician ,90,27
      Electromechanical technology/electromechanical eng technology ,80,4
      Instrumentation technology/technician ,41,6
      Robotics technology/technician ,4,0
      Automation engineer technology/technician ,47,2
      Electromechanical/instrumentation and maintenance technol/tech ,9,3
"      Heating, ventilation, air conditioning and refrig eng technol/tech ",2,0
      Energy management and systems technology/technician ,95,7
      Solar energy technology/technician ,61,2
      Water quality/wastewater treatment manage/recycling technol/tech ,6,9
      Environmental engineering technology/environmental technology ,86,26
      Hazardous materials management and waste technology/technician ,0,0
"      Environmental control technologies/technicians, other ",6,2
      Plastics and polymer engineering technology/technician ,75,8
      Industrial technology/technician ,1491,158
      Manufacturing engineering technology/technician ,510,25
      Welding engineering technology/technician ,7,1
"      Industrial production technologies/technicians, other ",222,35
      Occupational safety and health technology/technician ,1048,220
      Quality control technology/technician ,13,8
      Industrial safety technology/technician ,95,18
"      Quality control and safety technologies/technicians, other ",40,3
      Aeronautical/aerospace engineering technology/technician ,88,10
      Automotive engineering technology/technician ,241,8
      Mechanical engineering/mechanical technology/technician ,1486,88
"      Mechanical engineering related technologies/technicians, other ",165,18
      Mining technology/technician ,3,1
      Petroleum technology/technician ,17,1
"      Mining and petroleum technologies/technicians, other ",0,0
      Construction engineering technology/technician ,1538,142
      Surveying technology/surveying ,145,14
      Hydraulics and fluid power technology/technician ,6,0
"      Engineering-related technologies, other ",0,0
      Computer engineering technology/technician ,439,49
      Computer technology/computer systems technology ,249,38
      Computer hardware technology/technician ,0,0
      Computer software technology/technician ,36,3
"      Computer engineering technologies/technicians, other ",13,0
"      Drafting and design technologies/technicians, general ",54,15
      CAD/CADD drafting and/or design technology/technician ,72,14
      Architectural drafting and architectural CAD/CADD ,2,0
      Civil drafting and civil engineering CAD/CADD ,3,0
      Mechanical drafting and mechanical drafting CAD/CADD ,24,9
"      Drafting/design engineering technologies/technicians, other ",1,6
      Nuclear engineering technology/technician ,153,16
      Engineering/industrial management ,580,125
      Engineering design ,0,0
      Packaging science ,214,71
"      Engineering-related fields, other ",10,2
      Nanotechnology ,4,0
"      Engineering tech and engineering-related fields, other ",572,55
,,
    Construction trades ,243,25
"      Construction trades, general ",0,0
      Mason/masonry ,0,0
      Electrician ,0,0
      Building/property maintenance ,0,0
      Building/construction site management/manager ,139,17
      Building construction technology ,59,4
"      Building/construction finishing, mgmt, and inspection, other ",45,4
"      Construction trades, other ",0,0
   ,,
    Mechanic and repair technologies/technicians ,297,21
      Communications systems installation and repair technology ,0,0
      Industrial electronics technology/technician ,1,0
"      Heating, air conditioning, ventilation and refrig main tech ",1,0
      Heavy equipment maintenance technology/technician ,10,0
      Autobody/collision and repair technology/technician ,0,0
      Automobile/automotive mechanics technology/technician ,48,1
      Diesel mechanics technology/technician ,28,1
      Airframe mechanics and aircraft maintenance technology/technician ,51,4
      Aircraft powerplant technology/technician ,61,5
      Avionics maintenance technology/technician ,94,10
"      Vehicle maintenance and repair technologies, other ",3,0
,,
English language and literature/letters ,15809,34595
"  English language and literature, general ",12168,27828
"  Writing, general ",230,372
  Creative writing ,1010,1927
"  Professional, technical, business, and scientific writing ",218,464
  Rhetoric and composition ,1832,3114
"  Rhetoric and composition/writing studies, other ",6,25
  General literature ,60,165
  American literature (United States) ,3,29
  English literature (British and Commonwealth) ,67,177
  Children's and adolescent literature ,0,9
"  Literature, other ",2,8
"  English language and literature/letters, other ",213,477
,,
Family and consumer sciences/human sciences ,3014,21708
  Work and family studies ,0,1
"  Family and consumer sciences/human sciences, general ",343,3307
  Business family and consumer sciences/human sciences ,55,114
  Family and consumer sciences/human sciences communication ,0,17
  Consumer merchandising/retailing management ,24,146
"  Family and consumer sciences/human sciences business services, other ",0,7
"  Family resource management studies, general ",217,531
  Consumer economics ,73,121
  Consumer services and advocacy ,2,17
"  Family and consumer economics and related services, other ",45,314
"  Foods, nutrition, and wellness studies, general ",535,2110
  Human nutrition ,152,638
  Food service systems administration/management ,398,612
"  Foods, nutrition, and related services, other ",1,13
"  Housing and human environments, general ",39,187
  Facilities planning and management ,56,3
"  Housing and human environments, other ",3,10
"  Human development and family studies, general ",650,7541
  Adult development and aging ,1,17
  Family systems ,47,459
  Child development ,63,1745
  Family and community services ,151,970
  Child care and support services management ,8,215
  Child care provider/assistant ,0,13
"  Human development, family studies, and related services, other ",40,430
"  Apparel and textiles, general ",88,1780
  Apparel and textile manufacture ,4,45
  Textile science ,0,1
  Apparel and textile marketing management ,16,305
  Fashion and fabric consultant ,0,2
"  Apparel and textiles, other ",0,15
"  Family and consumer sciences/human sciences, other ",3,22
,,
"Foreign languages, literatures, and linguistics ",6266,14069
"  Foreign languages and literatures, general ",469,1117
  Linguistics ,670,1398
  Language interpretation and translation ,16,23
  Comparative literature ,235,553
  Applied linguistics ,5,13
"  Linguistic/comparative/related language studies and serv, other ",33,106
"  African languages, literatures, and linguistics ",1,5
"  East Asian languages, literatures, and linguistics, general ",60,97
  Chinese language and literature ,255,242
  Japanese language and literature ,290,335
  Korean language and literature ,12,20
"  East Asian languages, literatures, and linguistics, other ",35,67
"  Slavic languages, literatures, and linguistics, general ",28,38
  Russian language and literature ,191,180
  Polish language and literature ,3,1
"  Slavic/Baltic/Albanian languages, lit, and linguistics, other ",0,0
"  Germanic languages, literatures, and linguistics, general ",26,42
  German language and literature ,408,470
"  Scandinavian languages, literatures, and linguistics ",3,4
  Danish language and literature ,0,2
  Dutch/Flemish language and literature ,0,1
  Norwegian language and literature ,5,4
  Swedish language and literature ,0,1
"  Germanic languages, literatures, and linguistics, other ",1,0
  Modern Greek language and literature ,2,0
"  South Asian languages, literatures, and linguistics, general ",2,0
"  Iranian languages, literatures, and linguistics ",9,4
"  Romance languages, literatures, and linguistics, general ",34,118
  French language and literature ,492,1552
  Italian language and literature ,85,186
  Portuguese language and literature ,23,27
  Spanish language and literature ,2029,6005
"  Hispanic and Latin American languages, lit, and linguistics, general ",23,62
"  Romance languages, literatures, and linguistics, other ",17,51
"  American Indian/Native American languages, literatures, and linguistics ",0,0
"  Middle/Near Eastern and Semitic languages, lit, and linguistics, general ",11,9
  Arabic language and literature ,87,78
  Hebrew language and literature ,26,34
"  Ancient Near Eastern and biblical languages, lit, and linguistics ",26,13
"  Middle/Near Eastern and Semitic languages, lit, and ling, other ",29,51
"  Classics and classical languages, lit, and linguistics, general ",456,538
  Ancient/classical Greek language and literature ,7,10
  Latin language and literature ,22,33
"  Classics and classical languages, lit, and linguistics, other ",9,10
"  Celtic languages, literatures, and linguistics ",1,1
  Filipino/Tagalog language and literature ,2,4
  Turkish language and literature ,0,0
"  Uralic languages, literatures, and linguistics ",0,0
  American sign language (ASL) ,9,115
  Sign language interpretation and translation ,36,277
"  American sign language, other ",1,1
"  Foreign languages, literatures, and linguistics, other ",82,171
 ,,
Health professions and related programs ,30931,167839
"  Health and wellness, general ",2394,7550
  Chiropractic ,0,0
"  Communication sciences and disorders, general ",258,4594
  Audiology/audiologist ,19,234
  Speech-language pathology/pathologist ,49,1334
  Audiology/audiologist and speech-language pathology/pathologist ,228,4311
"  Communication disorders sciences and services, other ",2,78
  Dentistry ,0,0
"  Dental clinical sciences, general ",0,0
  Advanced general dentistry ,0,0
  Oral biology and oral maxillofacial pathology ,0,0
  Dental public health and education ,0,0
  Dental materials ,0,0
  Endodontics/endodontology ,0,0
  Oral/maxillofacial surgery ,0,0
  Orthodontics/orthodontology ,0,0
  Pediatric dentistry/pedodontics ,0,0
  Periodontics/periodontology ,0,0
  Prosthodontics/prosthodontology ,0,0
"  Advanced/graduate dentistry and oral sciences, other ",0,0
  Dental assisting/assistant ,0,1
  Dental hygiene/hygienist ,72,1987
  Dental laboratory technology/technician ,0,0
"  Dental services and allied professions, other ",0,13
  Health/health care administration/management ,1826,7423
  Hospital and health care facilities administration/management ,572,3828
  Health unit manager/ward supervisor ,0,0
  Medical office management/administration ,1,9
  Health information/medical records administration/administrator ,258,1319
  Health information/medical records technology/technician ,15,27
  Medical office assistant/specialist ,2,3
  Medical/health management and clinical assistant/specialist ,24,87
  Medical staff services technology/technician ,0,0
  Long term care administration/management ,43,429
  Clinical research coordinator ,0,9
"  Health and medical administrative services, other ",128,443
  Medical/clinical assistant ,1,3
  Occupational therapist assistant ,0,0
  Pharmacy technician/assistant ,0,0
  Physical therapy technician/assistant ,6,2
  Veterinary/animal health technology/technician and vet assistant ,33,351
  Anesthesiologist assistant ,0,0
  Pathology/pathologist assistant ,3,8
  Respiratory therapy technician/assistant ,8,7
  Radiologist assistant ,0,0
"  Allied health and medical assisting services, other ",99,257
  Cardiovascular technology/technologist ,22,61
  Emergency medical technology/technician (EMT paramedic) ,172,70
  Nuclear medical technology/technologist ,99,201
  Perfusion technology/perfusionist ,5,1
  Medical radiologic technology/science radiation therapist ,307,879
  Respiratory care therapy/therapist ,346,754
  Surgical technology/technologist ,0,3
  Diagnostic medical sonography/sonographer and ultrasound technician ,115,532
  Radiologic technology/science radiographer ,326,920
  Physician assistant ,126,359
  Athletic training/trainer ,1495,2135
  Gene/genetic therapy ,4,7
  Cardiopulmonary technology/technologist ,1,5
  Radiation protection/health physics technician ,2,11
  Magnetic resonance imaging (MRI) technology/technician ,13,18
"  Allied health diagnostic/intervention/treatment professions, other ",85,240
  Blood bank technology specialist ,0,0
  Cytotechnology/cytotechnologist ,17,28
  Hematology technology/technician ,0,0
  Clinical/medical laboratory technician ,35,90
  Clinical laboratory science/medical technology/technologist ,783,1917
  Histologic technology/histotechnologist ,1,12
  Cytogenetics/genetics/clinical genetics technology/technologist ,14,37
"  Clinical/medical laboratory science and allied professions, other ",80,189
  Pre-dentistry studies ,8,5
  Pre-medicine/pre-medical studies ,367,492
  Pre-pharmacy studies ,8,13
  Pre-veterinary studies ,45,257
  Pre-nursing studies ,2,14
  Pre-occupational therapy studies ,9,129
  Pre-optometry studies ,0,1
  Pre-physical therapy studies ,86,129
"  Health/medical preparatory programs, other ",394,988
  Medicine ,0,0
  Medical scientist ,0,0
  Substance abuse/addiction counseling ,114,343
  Psychiatric/mental health services technician ,48,197
  Clinical/medical social work ,31,181
  Community health services/liaison/counseling ,225,879
  Marriage and family therapy/counseling ,0,0
  Clinical pastoral counseling/patient counseling ,5,33
  Psychoanalysis and psychotherapy ,0,0
  Mental health counseling/counselor ,1,8
  Genetic counseling/counselor ,0,0
"  Mental and social health services and allied professions, other ",77,508
  Optometry ,0,0
  Ophthalmic technician/technologist ,1,4
  Orthoptics/orthoptist ,0,2
"  Ophthalmic/optometric support services/allied professions, other ",7,3
  Osteopathic medicine/osteopathy ,0,0
  Pharmacy ,368,586
  Pharmacy admin and pharmacy policy and regulatory affairs ,0,0
  Pharmaceutics and drug design ,72,79
  Medicinal and pharmaceutical chemistry ,14,11
  Natural products chemistry and pharmacognosy ,0,0
  Clinical and industrial drug development ,6,18
  Pharmacoeconomics/pharmaceutical economics ,0,0
"  Clinical, hospital, and managed care pharmacy ",0,0
  Industrial and physical pharmacy and cosmetic sciences ,0,2
  Pharmaceutical sciences ,248,365
  Pharmaceutical marketing and management ,21,32
"  Pharmacy, pharmaceutical sciences, and administration, other ",181,275
  Podiatric medicine/podiatry ,0,0
"  Public health, general ",669,2381
  Environmental health ,161,187
  Health/medical physics ,23,19
  Occupational health and industrial hygiene ,113,39
  Public health education and promotion ,459,2034
  Community health and preventive medicine ,225,920
  Maternal and child health ,0,17
  International public health/international health ,15,47
  Health services administration ,143,674
  Behavioral aspects of health ,43,94
"  Public health, other ",288,757
  Art therapy/therapist ,7,187
  Dance therapy/therapist ,0,0
  Music therapy/therapist ,44,249
  Occupational therapy/therapist ,96,794
  Orthotist/prosthetist ,10,6
  Physical therapy/therapist ,114,190
  Therapeutic recreation/recreational therapy ,84,513
  Vocational rehabilitation counseling/counselor ,58,265
  Kinesiotherapy/kinesiotherapist ,17,34
  Assistive/augmentative technology and rehabilitation engineering ,0,0
  Animal-assisted therapy ,0,8
  Rehabilitation science ,143,432
"  Rehabilitation and therapeutic professions, other ",139,581
  Veterinary medicine ,0,0
"  Veterinary sciences/veterinary clinical sciences, general ",4,38
  Veterinary physiology ,0,0
  Veterinary microbiology and immunobiology ,10,19
  Veterinary pathology and pathobiology ,0,0
  Large animal/food animal/equine surgery and medicine ,0,0
  Small/companion animal surgery and medicine ,0,0
  Comparative and laboratory animal medicine ,0,0
  Veterinary preventive medicine epidemiology/public health ,0,0
  Veterinary infectious diseases ,0,0
  Medical illustration/medical illustrator ,4,46
  Medical informatics ,40,79
  Dietetics/dietitian ,335,2761
  Clinical nutrition/nutritionist ,19,140
  Dietetic technician ,0,0
"  Dietetics and clinical nutrition services, other ",54,259
  Bioethics/medical ethics ,4,9
"  Alternative and complementary medicine and medical systems, general ",0,0
  Acupuncture and oriental medicine ,29,62
  Traditional Chinese medicine and Chinese herbology ,0,0
  Naturopathic medicine/naturopathy ,0,0
  Holistic health ,33,124
"  Alternative and complementary medicine and medical systems, other ",30,146
  Direct entry midwifery ,0,20
  Massage therapy/therapeutic massage ,0,0
  Asian bodywork therapy ,0,0
  Movement therapy and movement education ,30,24
  Herbalism/herbalist ,4,8
"  Energy and biologically based therapies, other ",0,0
  Registered nursing/registered nurse ,13454,97363
  Nursing administration ,80,899
  Adult health nurse/nursing ,6,67
  Nurse anesthetist ,0,0
  Family practice nurse/nursing ,44,254
  Maternal/child health and neonatal nurse/nursing ,0,0
  Nurse midwife/nursing midwifery ,0,0
  Nursing science ,127,1018
  Pediatric nurse/nursing ,0,0
  Psychiatric/mental health nurse/nursing ,0,0
  Public health/community nurse/nursing ,1,16
  Perioperative/operating room and surgical nurse/nursing ,0,0
  Clinical nurse specialist ,6,56
  Critical care nursing ,0,0
  Occupational and environmental health nursing ,0,0
  Emergency room/trauma nursing ,0,0
  Nursing education ,0,28
  Nursing practice ,98,706
  Palliative care nursing ,0,4
  Clinical nurse leader ,0,11
  Geriatric nurse/nursing ,0,0
  Women's health nurse/nursing ,0,0
"  Reg nursing, nursing admin, nursing research and clinical nursing, other ",187,1430
  Licensed practical/vocational nurse training ,5,25
"  Practical nursing, vocational nursing and nursing assistants, other ",6,67
"  Health professions and related clinical sciences, other ",1043,3402
,,
"Homeland security, law enforcement, firefighting and related prot services ",33383,29026
  Corrections ,209,272
  Criminal justice/law enforcement administration ,10035,9328
  Criminal justice/safety studies ,16452,14963
  Forensic science and technology ,317,867
  Criminal justice/police science ,1682,1172
  Security and loss prevention services ,16,7
  Juvenile corrections ,6,24
  Criminalistics and criminal science ,63,137
  Securities services administration/management ,555,412
  Corrections administration ,48,42
  Law enforcement investigation and interviewing ,4,6
  Cyber/computer forensics and counterterrorism ,163,38
  Financial forensics and fraud investigation ,12,27
  Law enforcement intelligence analysis ,17,5
  Critical incident response/special police operations ,0,0
  Protective services operations ,0,0
"  Corrections and criminal justice, other ",737,925
  Fire prevention and safety technology/technician ,135,12
  Fire services administration ,495,38
  Fire science/firefighting ,619,42
  Fire/arson investigation and prevention ,12,3
"  Fire protection, other ",30,4
  Homeland security ,549,142
  Crisis/emergency/disaster management ,470,206
  Critical infrastructure protection ,34,21
  Terrorism and counterterrorism operations ,0,0
"  Homeland security, other ",56,23
"  Homeland sec, law enforcement, firefighting and related prot serv, other ",667,310
,,
Legal professions and studies ,1456,3057
  Pre-law studies ,156,144
"  Legal studies, general ",667,1179
  Law ,0,0
"  Advanced legal research/studies, general ",64,54
  Programs for foreign lawyers ,0,0
  American/US law/legal studies/jurisprudence ,12,18
"  Banking, corporate, finance, and securities law ",0,0
  Comparative law ,0,0
"  Energy, environment, and natural resources law ",1,1
  Health law ,0,0
  International law and legal studies ,1,1
"  International business, trade, and tax law ",0,0
  Tax law/taxation ,0,0
  Intellectual property law ,0,0
"  Legal research and advanced professional studies, other ",0,0
  Legal administrative assistant/secretary ,6,15
  Legal assistant/paralegal ,421,1405
  Court reporting/court reporter ,0,10
"  Legal support services, other ",0,0
"  Legal professions and studies, other ",128,230
,,
"Liberal arts and sciences, general studies and humanities ",16485,28775
  Liberal arts and sciences/liberal studies ,8175,16514
  General studies ,6224,8881
  Humanities/humanistic studies ,806,1693
"  Liberal arts and sciences, general studies and humanities, other ",1280,1687
,,
Library science ,14,113
  Library and information science ,14,113
"  Library science, other ",0,0
,,
Mathematics and statistics ,11967,9013
"  Mathematics, general ",9494,7420
  Analysis and functional analysis ,1,0
  Topology and foundations ,0,0
"  Mathematics, other ",192,130
"  Applied mathematics, general ",1009,598
  Computational mathematics ,90,23
  Computational and applied mathematics ,50,32
  Financial mathematics ,61,46
  Mathematical biology ,9,10
"  Applied mathematics, other ",81,30
"  Statistics, general ",695,510
  Mathematical statistics and probability ,95,83
  Mathematics and statistics ,24,34
"  Statistics, other ",35,21
"  Mathematics and statistics, other ",131,76
,,
Military technologies and applied sciences ,161,24
"  Intelligence, general  ",72,3
  Strategic intelligence ,0,0
"  Intelligence, command control and information operations, other ",0,0
"  Military applied sciences, other ",49,5
"  Military technologies and applied sciences, other ",40,16
,,
Multi/interdisciplinary studies ,16119,32229
"  Multi/interdisciplinary studies, general ",1251,2105
  Biological and physical sciences ,971,1320
  Peace studies and conflict resolution ,162,302
  Systems science and theory ,159,99
  Mathematics and computer science ,200,60
  Biopsychology ,49,137
  Gerontology ,28,278
  Historic preservation and conservation ,25,75
  Cultural resource management and policy analysis ,0,0
"  Historic preservation and conservation, other ",0,0
  Medieval and renaissance studies ,12,25
  Museology/museum studies ,1,18
"  Science, technology and society ",362,304
  Accounting and computer science ,1,1
  Behavioral sciences ,1097,4630
  Natural sciences ,234,391
  Nutrition sciences ,336,1596
  International/global studies ,2174,3339
  Holocaust and related studies ,2,5
  Ancient studies/civilization ,35,64
"  Classical, ancient Mediterranean/Near Eastern studies/archaeology ",34,66
  Intercultural/multicultural and diversity studies ,49,137
  Cognitive science ,347,555
  Cultural studies/critical theory and analysis ,59,78
  Human biology ,215,526
  Dispute resolution ,0,0
  Maritime studies ,6,7
  Computational science ,11,4
  Human computer interaction ,28,9
  Marine sciences ,25,37
  Sustainability studies ,155,157
"  Multi/interdisciplinary studies, other ",8091,15904
,,
"Parks, recreation, leisure, and fitness studies ",24713,21329
"  Parks, recreation and leisure studies ",1589,1597
"  Parks, recreation and leisure facilities management ",1517,1528
  Golf course operation and grounds management ,12,0
"  Parks, recreation and leisure facilities management, other ",2,1
"  Health and physical education/fitness, general ",4592,4495
  Sport and fitness administration/management ,6141,2294
  Kinesiology and exercise science ,9949,10721
  Physical fitness technician ,30,25
  Sports studies ,162,55
"  Health and physical education/fitness, other ",549,513
  Outdoor education ,67,32
"  Parks, recreation, leisure, and fitness studies, other ",103,68
,,
Philosophy and religious studies ,7582,4415
"  Philosophy and religious studies, general ",54,37
  Philosophy ,4762,2012
  Logic ,1,0
  Ethics ,21,56
  Applied and professional ethics ,4,8
"  Philosophy, other ",113,95
  Religion/religious studies ,2102,1802
  Buddhist studies ,0,0
  Christian studies ,238,127
  Islamic studies ,4,8
  Jewish/Judaic studies ,76,135
"  Religion/religious studies, other ",45,42
"  Philosophy and religious studies, other ",162,93
,,
Physical sciences and science technologies ,17802,11502
  Physical sciences ,17533,11275
    Physical sciences ,205,191
    Astronomy ,136,84
    Astrophysics ,103,64
    Planetary astronomy and science ,6,3
"    Astronomy and astrophysics, other ",14,19
"    Atmospheric sciences and meteorology, general ",332,186
    Atmospheric physics and dynamics ,0,0
    Meteorology ,140,66
"    Atmospheric sciences and meteorology, other ",21,6
"    Chemistry, general ",7174,6556
    Analytical chemistry ,1,9
    Inorganic chemistry ,0,0
    Organic chemistry ,0,0
    Physical chemistry ,1,0
    Polymer chemistry ,1,0
    Chemical physics ,23,7
    Environmental chemistry ,2,3
    Forensic chemistry ,14,45
    Theoretical chemistry ,3,1
"    Chemistry, other ",288,314
"    Geology/earth science, general ",3107,1877
    Geochemistry ,7,7
    Geophysics and seismology ,81,45
    Paleontology ,1,0
    Hydrology and water resources science ,30,23
    Geochemistry and petrology ,0,0
"    Oceanography, chemical and physical ",133,122
"    Geological and earth sciences/geosciences, other ",274,252
"    Physics, general ",4878,1124
    Atomic/molecular physics ,0,0
    Elementary particle physics ,0,0
    Nuclear physics ,1,0
    Optics/optical sciences ,32,7
    Condensed matter and materials physics ,0,0
    Acoustics ,9,0
    Theoretical and mathematical physics ,10,1
"    Physics, other ",152,47
    Materials science ,97,46
    Materials chemistry ,6,0
"    Materials sciences, other ",0,0
"    Physical sciences, other ",251,170
,,
  Science technologies/technicians ,269,227
"    Science technologies/technicians, general ",19,4
    Biology technician/biotechnology laboratory technician ,11,22
    Nuclear/nuclear power technology/technician ,8,1
"    Nuclear and industrial radiologic technologies/technicians, other ",0,0
    Chemical technology/technician ,0,0
"    Physical science technologies/technicians, other ",0,0
"    Science technologies/technicians, other ",231,200
,,
Precision production ,21,16
  Tool and die technology/technician ,0,0
  Welding technology/welder ,7,0
  Furniture design and manufacturing ,14,16
,,
Psychology ,27304,89994
"  Psychology, general ",25492,83673
  Cognitive psychology and psycholinguistics ,22,59
  Comparative psychology ,0,0
  Developmental and child psychology ,65,641
  Experimental psychology ,226,634
  Personality psychology ,3,12
  Physiological psychology/psychobiology ,367,791
  Social psychology ,224,809
  Psychometrics and quantitative psychology ,0,0
  Psychopharmacology ,0,0
"  Research and experimental psychology, other ",271,700
  Clinical psychology ,30,71
  Community psychology ,70,391
  Counseling psychology ,106,570
  Industrial and organizational psychology ,90,182
  School psychology ,0,0
  Educational psychology ,13,104
  Clinical child psychology ,0,0
  Environmental psychology ,16,15
  Geropsychology ,0,0
  Health/medical psychology ,7,32
  Family psychology ,3,14
  Forensic psychology ,100,438
  Applied psychology ,108,469
  Applied behavior analysis ,32,101
"  Clinical, counseling and applied psychology, other ",6,19
"  Psychology, other ",53,269
,,
Public administration and social service professions ,5917,27566
"  Human services, general ",971,6301
  Community organization and advocacy ,423,1331
  Public administration ,1608,1639
"  Public policy analysis, general ",578,741
  Education policy analysis ,0,1
  Health policy analysis ,14,64
  International policy analysis ,1,13
"  Public policy analysis, other ",1,0
  Social work ,2228,17172
  Youth services/administration ,10,80
"  Social work, other ",5,24
"  Public administration and social service professions, other ",78,200
,,
Social sciences and history ,88233,84863
  Social sciences ,69480,72510
"    Social sciences, general ",3047,5119
    Research methodology and quantitative methods ,1,3
    Anthropology ,3090,7819
    Physical and biological anthropology ,7,19
    Medical anthropology ,1,3
    Cultural anthropology ,9,44
"    Anthropology, other ",21,39
    Archeology ,78,137
    Criminology ,3617,3496
    Demography and population studies ,0,0
"    Economics, general ",19737,8645
    Applied economics ,164,80
    Econometrics and quantitative economics ,363,183
    Development economics and international development ,65,167
    International economics ,120,108
"    Economics, other ",240,123
    Geography ,2855,1621
    Geographic information science and cartography ,202,57
"    Geography, other ",86,70
    International relations and affairs ,3731,5600
    National security policy studies ,24,9
"    International relations and national security studies, other ",76,54
"    Political science and government, general ",20401,15857
    American government and politics (United States) ,112,79
    Political economy ,99,80
"    Political science and government, other ",388,345
    Sociology ,9418,20641
    Urban studies/affairs ,492,552
    Sociology and anthropology ,145,362
    Rural sociology ,11,22
"    Social sciences, other ",880,1176
,,
  History ,18753,12353
"    History, general ",18316,12045
    American history (United States) ,38,9
    European history ,12,8
    History and philosophy of science and technology ,52,81
    Public/applied history ,12,20
    Asian history ,1,0
    Military history ,53,11
"    History, other ",269,179
,,
Theology and religious vocations ,6594,3048
  Bible/biblical studies ,1773,955
  Missions/missionary studies and missiology ,158,286
  Religious education ,532,433
  Religious/sacred music ,189,131
  Theology/theological studies ,689,310
  Divinity/ministry ,160,88
  Pre-theology/pre-ministerial studies ,118,37
  Rabbinical studies ,0,0
  Talmudic studies ,1777,0
"  Theological and ministerial studies, other ",227,123
  Pastoral studies/counseling ,310,190
  Youth ministry ,370,214
  Urban ministry ,11,12
  Women's ministry ,0,2
  Lay ministry ,55,46
"  Pastoral counseling and specialized ministries, other ",36,76
"  Theology and religious vocations, other ",189,145
,,
Transportation and materials moving ,4053,535
"  Aeronautics/aviation/aerospace science and technology, general ",2025,243
  Airline/commercial/professional pilot and flight crew ,813,84
  Aviation/airway management and operations ,681,125
  Air traffic controller ,196,44
  Flight instructor ,7,0
"  Air transportation, other ",18,2
  Marine science/merchant marine officer ,311,37
"  Transportation and materials moving, other ",2,0
,,
Visual and performing arts ,38081,59165
"  Visual and performing arts, general ",647,1099
  Digital arts ,347,226
"  Crafts/craft design, folk art and artisanry  ",35,95
"  Dance, general ",239,1929
  Ballet ,4,38
"  Dance, other ",1,23
"  Design and visual communications, general ",1067,2110
  Commercial and advertising art ,482,844
  Industrial and product design ,976,632
  Commercial photography ,164,345
  Fashion/apparel design ,216,2092
  Interior design ,357,2933
  Graphic design ,2335,3851
  Illustration ,640,1204
  Game and interactive media design ,1080,251
"  Design and applied arts, other ",250,417
"  Drama and dramatics/theatre arts, general ",3426,5803
  Technical theatre/theatre design and technology ,290,276
  Playwriting and screenwriting ,120,119
"  Theatre literature, history and criticism ",18,17
  Acting ,310,469
  Directing and theatrical production ,25,47
  Musical theatre ,174,255
  Costume design ,3,13
"  Dramatic/theatre arts and stagecraft, other ",108,200
  Film/cinema/video studies ,1912,1349
  Cinematography and film/video production ,3179,1563
  Photography ,566,1292
  Documentary production ,10,22
"  Film/video and photographic arts, other ",539,378
"  Art/art studies, general ",3622,8698
"  Fine/studio arts, general ",3226,7021
"  Art history, criticism and conservation ",448,2719
  Drawing ,98,204
  Intermedia/multimedia ,203,251
  Painting ,215,478
  Sculpture ,99,180
  Printmaking ,57,115
  Ceramic arts and ceramics ,61,166
"  Fiber, textile and weaving arts ",21,197
  Metal and jewelry arts ,13,106
"  Fine arts and art studies, other ",302,716
"  Music, general ",4234,3663
"  Music history, literature, and theory ",51,46
"  Music performance, general ",2262,1964
  Music theory and composition ,654,162
  Musicology and ethnomusicology ,16,9
  Conducting ,3,6
  Keyboard instruments ,55,85
  Voice and opera ,89,263
  Jazz/jazz studies ,292,48
  Stringed instruments ,97,84
  Music pedagogy ,19,54
  Music technology ,235,42
  Brass instruments ,34,10
  Woodwind instruments ,16,24
  Percussion instruments ,23,1
"  Music, other ",511,274
"  Arts, entertainment, and media management, general ",271,225
  Fine and studio arts management ,214,586
  Music management ,885,565
  Theatre/theatre arts management ,36,83
"  Arts, entertainment, and media management, other ",15,10
"  Visual and performing arts, other ",184,218
,,
Not classified by field of study ,0,0
